START TRANSACTION;
SET time_zone = "+00:00";

/*!40101 SET @OLD_CHARACTER_SET_CLIENT=@@CHARACTER_SET_CLIENT */;
/*!40101 SET @OLD_CHARACTER_SET_RESULTS=@@CHARACTER_SET_RESULTS */;
/*!40101 SET @OLD_COLLATION_CONNECTION=@@COLLATION_CONNECTION */;
/*!40101 SET NAMES utf8mb4 */;


DROP TABLE IF EXISTS airline;
CREATE TABLE IF NOT EXISTS airline (
  airline_name varchar(50) NOT NULL,
  PRIMARY KEY (airline_name)
) ;

INSERT INTO airline (airline_name) VALUES
('American Airlines'),
('China Eastern'),
('Delta Airlines'),
('United Airlines');

DROP TABLE IF EXISTS airline_staff;
CREATE TABLE IF NOT EXISTS airline_staff (
  username varchar(50) NOT NULL
) ;

INSERT INTO airline_staff (username, password, first_name, last_name, date_of_birth, airline_name) VALUES
('12@12.com', '$2b$12$7CQYl1FkkziAaX96Hi0WL.Hh3tumP62u.A7w7sLoD9CVF5Zmn5QL2', '12', '12', '2000-01-01', 'China Eastern'),
('a@a.com', '$2b$12$oKpGzDCV6df/bitPuJPQZe.OMB5AnJ8smSLbG6gVWDc03V8uWV8ua', 'a', 'a', '2000-01-01', 'China Eastern'),
('airlinestaff@gmail.com', '$2b$12$p.bpuNDEDQARb1k4o9RCEOv3n6AQ2kB1MYinY6fFCfyVpymt1WtSq', 'John', 'Doe', '2000-01-01', 'American Airlines'),
('as@as.com', '$2b$12$vcuOiBzchlBTwG6NmJ/5sunJUSGk/wN3ZHAxbgEOoMgwtIS1txMNm', 'as', 'as', '2001-01-01', 'China Eastern'),
('operator@operator.com', '$2b$12$iQSIvhGZRcrJrFwJTNjSD.haCu1nBGnh0MLIE32lbsNuVkwPcb5zi', 'operator', 'operator', '2000-01-01', 'China Eastern'),
('regular@regular.com', '$2b$12$zVFbwkOxt5b9f17O70JcU.x1/EqwV5zM1A5Mg004tMs903EVF5MZC', 'regular', 'regular', '2002-01-01', 'China Eastern'),
('staff@staff.com', '$2b$12$wJTjJyrQJAN/RyQwL3aIN.SoQqPfYzjvJFUykGJ8mJkdAVqhu/2bm', 'staff', 'staff', '2000-01-01', 'China Eastern'),
('test1@test.com', '$2b$12$FA05vbqNRujxbF2ka3w52Ooc6ggkDsISLXnTYpTH0B5dywXSHPOD2', 'test1', 'test', '2000-01-01', 'American Airlines'),
('test2@test.com', '$2b$12$FQct9GOpzQl90cSKi6UfOeZcwvh6s0d.LZsXzgGe4jhzpSriR40Bq', 'test2', 'test', '2000-01-01', 'Delta Airlines'),
('test3@test.com', '$2b$12$GJOcsNBO5m3RxhuG7P4GYeiiWaRHeF1fRqlXVjydW3Wo3mtSCSz.6', 'test3', 'test', '2000-01-01', 'China Eastern'),
('test@test.com', '$2b$12$2ffRY6Ib/NYLrzzqQ24Pf.wZTq.3vTh3ewTLDUoYdNfjSxFFNB32m', 'test', 'test', '1970-01-01', 'China Eastern'),
('vinson@gmail.com', '$2b$12$hgqeJJgT.kcaxI.uMIEEdOBwdsVsXfljLSZkFq5.c1VCP/QFPt042', 'vinson', 'lin', '2000-01-01', 'China Eastern');

DROP TABLE IF EXISTS airplane;
CREATE TABLE IF NOT EXISTS airplane (
  airline_name varchar(50) NOT NULL,
  airplane_id int(11) NOT NULL,
  seats int(11) NOT NULL,
  PRIMARY KEY (airline_name,airplane_id)
) ;

INSERT INTO airplane (airline_name, airplane_id, seats) VALUES
('American Airlines', 303, 300),
('China Eastern', 1, 200),
('China Eastern', 2, 300),
('China Eastern', 3, 100),
('China Eastern', 4, 50),
('China Eastern', 5, 50),
('China Eastern', 6, 2),
('China Eastern', 7, 10),
('Delta Airlines', 202, 250),
('United Airlines', 101, 200);

DROP TABLE IF EXISTS airport;
CREATE TABLE IF NOT EXISTS airport (
  airport_name varchar(50) NOT NULL,
  airport_city varchar(50) NOT NULL,
  PRIMARY KEY (airport_name)
) ;

INSERT INTO airport (airport_name, airport_city) VALUES
('ATL', 'Atlanta'),
('DEN', 'Denver'),
('DXB', 'Dubai'),
('JFK', 'New York'),
('LAX', 'Los Angeles'),
('ORD', 'Chicago'),
('PVG', 'Shanghai');

DROP TABLE IF EXISTS booking_agent;
CREATE TABLE IF NOT EXISTS booking_agent (
  email varchar(50) NOT NULL
) ;

INSERT INTO booking_agent (email, password, booking_agent_id) VALUES
('123@123.com', '$2b$12$Lvu0a/HKBOtkCV3.TgIra.1M4N75Z4X.XTtVJwS5KTMXjQ6DvRMIO', 4),
('b@b.com', '$2b$12$6B6TfK74drlErw4gtnRxvuLTPa1mnNpACjJWuINoByg2IgHTrfQvq', 3),
('bb@bb.com', 'default_password', 5442),
('bbb@bbb.com', '$2b$12$MJ4bqNgIuCOJXg9TCOytQeUyCtSPz02SGKk.FdjuOf6kWJB5T.rcy', 7169),
('bbbb@bbbb.com', '$2b$12$aphRRuMdNbHz8Bouy3Omy.oodRGx7Y2YEvPDImnyYoMpB3hd/zUn.', 9849),
('booking@booking.com', '$2b$12$uWD5YHGGYFSNMRBr6MptjOtepu6ZC6/EWwEPMMebTGIxCx/5SuHbS', 2),
('bookingagent@gmail.com', '$2b$12$zLJpoLfgky480YU3rC0gEuiO3WQRS8yrSKNuzhZhcVQ6NDdkVanmS', 100),
('staff@staff.com', '$2b$12$O/i57NRmF.riG9kSJ3QAeubl8.zEreBn31rFkw8Tot/0rYa4UdVX2', 1);

DROP TABLE IF EXISTS booking_agent_work_for;
CREATE TABLE IF NOT EXISTS booking_agent_work_for (
  email varchar(50) NOT NULL,
  airline_name varchar(50) NOT NULL,
  PRIMARY KEY (email,airline_name),
  KEY airline_name (airline_name)
) ;

INSERT INTO booking_agent_work_for (email, airline_name) VALUES
('b@b.com', 'China Eastern'),
('bb@bb.com', 'China Eastern'),
('bbb@bbb.com', 'China Eastern'),
('bbbb@bbbb.com', 'China Eastern');

DROP TABLE IF EXISTS customer;
CREATE TABLE IF NOT EXISTS customer (
  email varchar(50) NOT NULL
) ;

INSERT INTO customer (email, name, password, building_number, street, city, state, phone_number, passport_number, passport_expiration, passport_country, date_of_birth) VALUES
('1234@1234.com', '1234', '$2b$12$yAic/r7sgwfqhRZwwd0C4.zMn9uXFv9nnaT2FSQcEy326NKGe4aEa', '1234', '1234', '1234', 'New York', 1234, '1234', '2000-01-02', '1234', '2000-01-02'),
('c2@c.com', 'c2', '$2b$12$QuXOvBwErnf9WEWxZQ4UCeK5b07PuSmPd.kb7GawlK1Som9mUYcTK', 'building', 'street', 'city', 'state', 123456, '123456', '2020-01-01', 'usa', '2000-01-01'),
('c@c.com', 'c', '$2b$12$T5zx/BtsMciT6pCtWN6O1OLk3Utpf43E731DjUnDWk/GbOq5WXxDm', 'building', 'street', 'city', 'state', 1234, '1234', '2000-01-01', 'usa', '2000-01-01'),
('customer@customer.com', 'Customer', '$2b$12$0qXOLyCKEaKusI0DGiIOFepXFmg.Mbb40WNslVTXIO9HWlLt7bC06', 'Building Number', 'Street', 'City ', 'State', 1234567890, '1234567890', '2024-12-10', 'USA', '2000-01-01'),
('customer@gmail.com', 'Customer', '$2b$12$snj.SYYng.8Clo3z3l/5aOczqEzKlrfPbHf4ilb55ncaND7Qnou7i', '13', 'Customer', 'New York', 'NY', 1234567890, '123456789', '2030-01-01', 'USA', '2000-01-01'),
('janesmith@gmail.com', 'Jane Smith', 'password321', '321', 'Broadway', 'New York', 'NY', 1236547890, 'A987654321', '2030-01-10', 'USA', '2000-01-10'),
('johndoe@gmail.com', 'John Doe', 'password123', '123', 'Broadway', 'New York', 'NY', 1234567890, 'A123456789', '2030-01-01', 'USA', '2000-01-01'),
('vinson@gmail.com', 'vinson', '$2b$12$vbo.eIYSU70Ij0vaU74Xoe2pQ2GzbyzYT.7RpiDd2NG8pDsB1b.w2', '1234', '1234', 'New York', 'New York', 1234, '1234', '2025-01-01', 'USA', '2000-01-10');

DROP TABLE IF EXISTS flight;
CREATE TABLE IF NOT EXISTS flight (
  airline_name varchar(50) NOT NULL,
  flight_num int(11) NOT NULL,
  departure_airport varchar(50) NOT NULL,
  departure_time datetime NOT NULL,
  arrival_airport varchar(50) NOT NULL,
  arrival_time datetime NOT NULL,
  price decimal(10,0) NOT NULL
) ;

INSERT INTO flight (airline_name, flight_num, departure_airport, departure_time, arrival_airport, arrival_time, price, status, airplane_id) VALUES
('American Airlines', 3, 'ORD', '2024-12-07 15:00:00', 'JFK', '2024-12-07 19:00:00', 400, 'Scheduled', 303),
('China Eastern', 101, 'JFK', '2024-10-10 10:00:00', 'PVG', '2024-10-10 16:00:00', 500, 'upcoming', 1),
('China Eastern', 102, 'PVG', '2024-10-12 12:00:00', 'JFK', '2024-10-12 18:00:00', 600, 'in-progress', 2),
('China Eastern', 103, 'JFK', '2024-10-15 15:00:00', 'PVG', '2024-10-15 20:00:00', 700, 'delayed', 1),
('China Eastern', 104, 'JFK', '2024-12-15 15:00:00', 'PVG', '2024-12-15 20:00:00', 300, 'completed', 1),
('China Eastern', 105, 'PVG', '2024-12-20 09:00:00', 'JFK', '2024-12-20 21:00:00', 300, 'upcoming', 1),
('China Eastern', 106, 'JFK', '2024-12-12 08:00:00', 'PVG', '2024-12-12 20:00:00', 10000, 'upcoming', 6),
('China Eastern', 107, 'JFK', '2024-12-12 08:00:00', 'PVG', '2024-12-12 20:00:00', 100, 'upcoming', 6),
('Delta Airlines', 2, 'LAX', '2024-12-06 08:00:00', 'ORD', '2024-12-06 12:00:00', 450, 'Scheduled', 202),
('United Airlines', 1, 'JFK', '2024-12-05 10:00:00', 'LAX', '2024-12-05 14:00:00', 500, 'Scheduled', 101);

DROP TABLE IF EXISTS permission;
CREATE TABLE IF NOT EXISTS permission (
  username varchar(50) NOT NULL,
  permission_type varchar(50) NOT NULL,
  PRIMARY KEY (username,permission_type)
) ;

INSERT INTO permission (username, permission_type) VALUES
('a@a.com', 'Admin'),
('a@a.com', 'Operator'),
('staff@staff.com', 'Operator'),
('test1@test.com', 'Admin'),
('test@test.com', 'Admin'),
('vinson@gmail.com', 'Admin');

DROP TABLE IF EXISTS purchases;
CREATE TABLE IF NOT EXISTS purchases (
  ticket_id int(11) NOT NULL,
  customer_email varchar(50) NOT NULL,
  booking_agent_id int(11) DEFAULT NULL,
  purchase_date date NOT NULL,
  PRIMARY KEY (ticket_id,customer_email),
  KEY customer_email (customer_email)
) ;

INSERT INTO purchases (ticket_id, customer_email, booking_agent_id, purchase_date) VALUES
(1, 'c@c.com', NULL, '2024-12-09'),
(2, 'c@c.com', NULL, '2024-11-09'),
(3, 'c@c.com', NULL, '2024-10-09'),
(301, 'c@c.com', NULL, '2024-12-10'),
(551, 'customer@gmail.com', NULL, '2025-08-20'),
(800, 'c@c.com', NULL, '2024-12-10'),
(3001, 'c@c.com', 3, '2024-12-09'),
(3002, 'c@c.com', 3, '2024-12-09'),
(3003, 'c@c.com', NULL, '2024-12-10'),
(3004, 'c@c.com', 3, '2024-12-10'),
(3005, 'c@c.com', NULL, '2024-12-12'),
(3006, 'c@c.com', 3, '2024-12-12'),
(3007, 'c@c.com', NULL, '2024-12-12'),
(3201, 'c@c.com', 3, '2024-11-10'),
(3501, 'c2@c.com', NULL, '2024-11-01'),
(3701, 'janesmith@gmail.com', NULL, '2024-12-09'),
(3702, 'janesmith@gmail.com', NULL, '2024-12-09'),
(3703, 'janesmith@gmail.com', 1, '2024-01-01'),
(3704, 'c@c.com', NULL, '2024-12-10'),
(3904, 'c2@c.com', NULL, '2024-12-12'),
(3905, 'c2@c.com', NULL, '2024-12-12'),
(3906, 'c@c.com', NULL, '2024-12-12'),
(3907, 'c@c.com', NULL, '2024-12-12');

DROP TABLE IF EXISTS ticket;
CREATE TABLE IF NOT EXISTS ticket (
  ticket_id int(11) NOT NULL AUTO_INCREMENT,
  airline_name varchar(50) NOT NULL,
  flight_num int(11) NOT NULL,
  PRIMARY KEY (ticket_id),
  KEY airline_name (airline_name,flight_num)
) ;

INSERT INTO ticket (ticket_id, airline_name, flight_num) VALUES
(1, 'American Airlines', 3),
(2, 'American Airlines', 3),
(3, 'American Airlines', 3),
(4, 'American Airlines', 3),
(5, 'American Airlines', 3),
(6, 'American Airlines', 3),
(7, 'American Airlines', 3),
(8, 'American Airlines', 3),
(9, 'American Airlines', 3),
(10, 'American Airlines', 3),
(11, 'American Airlines', 3),
(12, 'American Airlines', 3),
(13, 'American Airlines', 3),
(14, 'American Airlines', 3),
(15, 'American Airlines', 3),
(16, 'American Airlines', 3),
(17, 'American Airlines', 3),
(18, 'American Airlines', 3),
(19, 'American Airlines', 3),
(20, 'American Airlines', 3),
(21, 'American Airlines', 3),
(22, 'American Airlines', 3),
(23, 'American Airlines', 3),
(24, 'American Airlines', 3),
(25, 'American Airlines', 3),
(26, 'American Airlines', 3),
(27, 'American Airlines', 3),
(28, 'American Airlines', 3),
(29, 'American Airlines', 3),
(30, 'American Airlines', 3),
(31, 'American Airlines', 3),
(32, 'American Airlines', 3),
(33, 'American Airlines', 3),
(34, 'American Airlines', 3),
(35, 'American Airlines', 3),
(36, 'American Airlines', 3),
(37, 'American Airlines', 3),
(38, 'American Airlines', 3),
(39, 'American Airlines', 3),
(40, 'American Airlines', 3),
(41, 'American Airlines', 3),
(42, 'American Airlines', 3),
(43, 'American Airlines', 3),
(44, 'American Airlines', 3),
(45, 'American Airlines', 3),
(46, 'American Airlines', 3),
(47, 'American Airlines', 3),
(48, 'American Airlines', 3),
(49, 'American Airlines', 3),
(50, 'American Airlines', 3),
(51, 'American Airlines', 3),
(52, 'American Airlines', 3),
(53, 'American Airlines', 3),
(54, 'American Airlines', 3),
(55, 'American Airlines', 3),
(56, 'American Airlines', 3),
(57, 'American Airlines', 3),
(58, 'American Airlines', 3),
(59, 'American Airlines', 3),
(60, 'American Airlines', 3),
(61, 'American Airlines', 3),
(62, 'American Airlines', 3),
(63, 'American Airlines', 3),
(64, 'American Airlines', 3),
(65, 'American Airlines', 3),
(66, 'American Airlines', 3),
(67, 'American Airlines', 3),
(68, 'American Airlines', 3),
(69, 'American Airlines', 3),
(70, 'American Airlines', 3),
(71, 'American Airlines', 3),
(72, 'American Airlines', 3),
(73, 'American Airlines', 3),
(74, 'American Airlines', 3),
(75, 'American Airlines', 3),
(76, 'American Airlines', 3),
(77, 'American Airlines', 3),
(78, 'American Airlines', 3),
(79, 'American Airlines', 3),
(80, 'American Airlines', 3),
(81, 'American Airlines', 3),
(82, 'American Airlines', 3),
(83, 'American Airlines', 3),
(84, 'American Airlines', 3),
(85, 'American Airlines', 3),
(86, 'American Airlines', 3),
(87, 'American Airlines', 3),
(88, 'American Airlines', 3),
(89, 'American Airlines', 3),
(90, 'American Airlines', 3),
(91, 'American Airlines', 3),
(92, 'American Airlines', 3),
(93, 'American Airlines', 3),
(94, 'American Airlines', 3),
(95, 'American Airlines', 3),
(96, 'American Airlines', 3),
(97, 'American Airlines', 3),
(98, 'American Airlines', 3),
(99, 'American Airlines', 3),
(100, 'American Airlines', 3),
(101, 'American Airlines', 3),
(102, 'American Airlines', 3),
(103, 'American Airlines', 3),
(104, 'American Airlines', 3),
(105, 'American Airlines', 3),
(106, 'American Airlines', 3),
(107, 'American Airlines', 3),
(108, 'American Airlines', 3),
(109, 'American Airlines', 3),
(110, 'American Airlines', 3),
(111, 'American Airlines', 3),
(112, 'American Airlines', 3),
(113, 'American Airlines', 3),
(114, 'American Airlines', 3),
(115, 'American Airlines', 3),
(116, 'American Airlines', 3),
(117, 'American Airlines', 3),
(118, 'American Airlines', 3),
(119, 'American Airlines', 3),
(120, 'American Airlines', 3),
(121, 'American Airlines', 3),
(122, 'American Airlines', 3),
(123, 'American Airlines', 3),
(124, 'American Airlines', 3),
(125, 'American Airlines', 3),
(126, 'American Airlines', 3),
(127, 'American Airlines', 3),
(128, 'American Airlines', 3),
(129, 'American Airlines', 3),
(130, 'American Airlines', 3),
(131, 'American Airlines', 3),
(132, 'American Airlines', 3),
(133, 'American Airlines', 3),
(134, 'American Airlines', 3),
(135, 'American Airlines', 3),
(136, 'American Airlines', 3),
(137, 'American Airlines', 3),
(138, 'American Airlines', 3),
(139, 'American Airlines', 3),
(140, 'American Airlines', 3),
(141, 'American Airlines', 3),
(142, 'American Airlines', 3),
(143, 'American Airlines', 3),
(144, 'American Airlines', 3),
(145, 'American Airlines', 3),
(146, 'American Airlines', 3),
(147, 'American Airlines', 3),
(148, 'American Airlines', 3),
(149, 'American Airlines', 3),
(150, 'American Airlines', 3),
(151, 'American Airlines', 3),
(152, 'American Airlines', 3),
(153, 'American Airlines', 3),
(154, 'American Airlines', 3),
(155, 'American Airlines', 3),
(156, 'American Airlines', 3),
(157, 'American Airlines', 3),
(158, 'American Airlines', 3),
(159, 'American Airlines', 3),
(160, 'American Airlines', 3),
(161, 'American Airlines', 3),
(162, 'American Airlines', 3),
(163, 'American Airlines', 3),
(164, 'American Airlines', 3),
(165, 'American Airlines', 3),
(166, 'American Airlines', 3),
(167, 'American Airlines', 3),
(168, 'American Airlines', 3),
(169, 'American Airlines', 3),
(170, 'American Airlines', 3),
(171, 'American Airlines', 3),
(172, 'American Airlines', 3),
(173, 'American Airlines', 3),
(174, 'American Airlines', 3),
(175, 'American Airlines', 3),
(176, 'American Airlines', 3),
(177, 'American Airlines', 3),
(178, 'American Airlines', 3),
(179, 'American Airlines', 3),
(180, 'American Airlines', 3),
(181, 'American Airlines', 3),
(182, 'American Airlines', 3),
(183, 'American Airlines', 3),
(184, 'American Airlines', 3),
(185, 'American Airlines', 3),
(186, 'American Airlines', 3),
(187, 'American Airlines', 3),
(188, 'American Airlines', 3),
(189, 'American Airlines', 3),
(190, 'American Airlines', 3),
(191, 'American Airlines', 3),
(192, 'American Airlines', 3),
(193, 'American Airlines', 3),
(194, 'American Airlines', 3),
(195, 'American Airlines', 3),
(196, 'American Airlines', 3),
(197, 'American Airlines', 3),
(198, 'American Airlines', 3),
(199, 'American Airlines', 3),
(200, 'American Airlines', 3),
(201, 'American Airlines', 3),
(202, 'American Airlines', 3),
(203, 'American Airlines', 3),
(204, 'American Airlines', 3),
(205, 'American Airlines', 3),
(206, 'American Airlines', 3),
(207, 'American Airlines', 3),
(208, 'American Airlines', 3),
(209, 'American Airlines', 3),
(210, 'American Airlines', 3),
(211, 'American Airlines', 3),
(212, 'American Airlines', 3),
(213, 'American Airlines', 3),
(214, 'American Airlines', 3),
(215, 'American Airlines', 3),
(216, 'American Airlines', 3),
(217, 'American Airlines', 3),
(218, 'American Airlines', 3),
(219, 'American Airlines', 3),
(220, 'American Airlines', 3),
(221, 'American Airlines', 3),
(222, 'American Airlines', 3),
(223, 'American Airlines', 3),
(224, 'American Airlines', 3),
(225, 'American Airlines', 3),
(226, 'American Airlines', 3),
(227, 'American Airlines', 3),
(228, 'American Airlines', 3),
(229, 'American Airlines', 3),
(230, 'American Airlines', 3),
(231, 'American Airlines', 3),
(232, 'American Airlines', 3),
(233, 'American Airlines', 3),
(234, 'American Airlines', 3),
(235, 'American Airlines', 3),
(236, 'American Airlines', 3),
(237, 'American Airlines', 3),
(238, 'American Airlines', 3),
(239, 'American Airlines', 3),
(240, 'American Airlines', 3),
(241, 'American Airlines', 3),
(242, 'American Airlines', 3),
(243, 'American Airlines', 3),
(244, 'American Airlines', 3),
(245, 'American Airlines', 3),
(246, 'American Airlines', 3),
(247, 'American Airlines', 3),
(248, 'American Airlines', 3),
(249, 'American Airlines', 3),
(250, 'American Airlines', 3),
(251, 'American Airlines', 3),
(252, 'American Airlines', 3),
(253, 'American Airlines', 3),
(254, 'American Airlines', 3),
(255, 'American Airlines', 3),
(256, 'American Airlines', 3),
(257, 'American Airlines', 3),
(258, 'American Airlines', 3),
(259, 'American Airlines', 3),
(260, 'American Airlines', 3),
(261, 'American Airlines', 3),
(262, 'American Airlines', 3),
(263, 'American Airlines', 3),
(264, 'American Airlines', 3),
(265, 'American Airlines', 3),
(266, 'American Airlines', 3),
(267, 'American Airlines', 3),
(268, 'American Airlines', 3),
(269, 'American Airlines', 3),
(270, 'American Airlines', 3),
(271, 'American Airlines', 3),
(272, 'American Airlines', 3),
(273, 'American Airlines', 3),
(274, 'American Airlines', 3),
(275, 'American Airlines', 3),
(276, 'American Airlines', 3),
(277, 'American Airlines', 3),
(278, 'American Airlines', 3),
(279, 'American Airlines', 3),
(280, 'American Airlines', 3),
(281, 'American Airlines', 3),
(282, 'American Airlines', 3),
(283, 'American Airlines', 3),
(284, 'American Airlines', 3),
(285, 'American Airlines', 3),
(286, 'American Airlines', 3),
(287, 'American Airlines', 3),
(288, 'American Airlines', 3),
(289, 'American Airlines', 3),
(290, 'American Airlines', 3),
(291, 'American Airlines', 3),
(292, 'American Airlines', 3),
(293, 'American Airlines', 3),
(294, 'American Airlines', 3),
(295, 'American Airlines', 3),
(296, 'American Airlines', 3),
(297, 'American Airlines', 3),
(298, 'American Airlines', 3),
(299, 'American Airlines', 3),
(300, 'American Airlines', 3),
(3701, 'American Airlines', 3),
(3702, 'American Airlines', 3),
(3703, 'American Airlines', 3),
(3001, 'China Eastern', 101),
(3002, 'China Eastern', 101),
(3003, 'China Eastern', 101),
(3004, 'China Eastern', 101),
(3005, 'China Eastern', 101),
(3006, 'China Eastern', 101),
(3007, 'China Eastern', 101),
(3008, 'China Eastern', 101),
(3009, 'China Eastern', 101),
(3010, 'China Eastern', 101),
(3011, 'China Eastern', 101),
(3012, 'China Eastern', 101),
(3013, 'China Eastern', 101),
(3014, 'China Eastern', 101),
(3015, 'China Eastern', 101),
(3016, 'China Eastern', 101),
(3017, 'China Eastern', 101),
(3018, 'China Eastern', 101),
(3019, 'China Eastern', 101),
(3020, 'China Eastern', 101),
(3021, 'China Eastern', 101),
(3022, 'China Eastern', 101),
(3023, 'China Eastern', 101),
(3024, 'China Eastern', 101),
(3025, 'China Eastern', 101),
(3026, 'China Eastern', 101),
(3027, 'China Eastern', 101),
(3028, 'China Eastern', 101),
(3029, 'China Eastern', 101),
(3030, 'China Eastern', 101),
(3031, 'China Eastern', 101),
(3032, 'China Eastern', 101),
(3033, 'China Eastern', 101),
(3034, 'China Eastern', 101),
(3035, 'China Eastern', 101),
(3036, 'China Eastern', 101),
(3037, 'China Eastern', 101),
(3038, 'China Eastern', 101),
(3039, 'China Eastern', 101),
(3040, 'China Eastern', 101),
(3041, 'China Eastern', 101),
(3042, 'China Eastern', 101),
(3043, 'China Eastern', 101),
(3044, 'China Eastern', 101),
(3045, 'China Eastern', 101),
(3046, 'China Eastern', 101),
(3047, 'China Eastern', 101),
(3048, 'China Eastern', 101),
(3049, 'China Eastern', 101),
(3050, 'China Eastern', 101),
(3051, 'China Eastern', 101),
(3052, 'China Eastern', 101),
(3053, 'China Eastern', 101),
(3054, 'China Eastern', 101),
(3055, 'China Eastern', 101),
(3056, 'China Eastern', 101),
(3057, 'China Eastern', 101),
(3058, 'China Eastern', 101),
(3059, 'China Eastern', 101),
(3060, 'China Eastern', 101),
(3061, 'China Eastern', 101),
(3062, 'China Eastern', 101),
(3063, 'China Eastern', 101),
(3064, 'China Eastern', 101),
(3065, 'China Eastern', 101),
(3066, 'China Eastern', 101),
(3067, 'China Eastern', 101),
(3068, 'China Eastern', 101),
(3069, 'China Eastern', 101),
(3070, 'China Eastern', 101),
(3071, 'China Eastern', 101),
(3072, 'China Eastern', 101),
(3073, 'China Eastern', 101),
(3074, 'China Eastern', 101),
(3075, 'China Eastern', 101),
(3076, 'China Eastern', 101),
(3077, 'China Eastern', 101),
(3078, 'China Eastern', 101),
(3079, 'China Eastern', 101),
(3080, 'China Eastern', 101),
(3081, 'China Eastern', 101),
(3082, 'China Eastern', 101),
(3083, 'China Eastern', 101),
(3084, 'China Eastern', 101),
(3085, 'China Eastern', 101),
(3086, 'China Eastern', 101),
(3087, 'China Eastern', 101),
(3088, 'China Eastern', 101),
(3089, 'China Eastern', 101),
(3090, 'China Eastern', 101),
(3091, 'China Eastern', 101),
(3092, 'China Eastern', 101),
(3093, 'China Eastern', 101),
(3094, 'China Eastern', 101),
(3095, 'China Eastern', 101),
(3096, 'China Eastern', 101),
(3097, 'China Eastern', 101),
(3098, 'China Eastern', 101),
(3099, 'China Eastern', 101),
(3100, 'China Eastern', 101),
(3101, 'China Eastern', 101),
(3102, 'China Eastern', 101),
(3103, 'China Eastern', 101),
(3104, 'China Eastern', 101),
(3105, 'China Eastern', 101),
(3106, 'China Eastern', 101),
(3107, 'China Eastern', 101),
(3108, 'China Eastern', 101),
(3109, 'China Eastern', 101),
(3110, 'China Eastern', 101),
(3111, 'China Eastern', 101),
(3112, 'China Eastern', 101),
(3113, 'China Eastern', 101),
(3114, 'China Eastern', 101),
(3115, 'China Eastern', 101),
(3116, 'China Eastern', 101),
(3117, 'China Eastern', 101),
(3118, 'China Eastern', 101),
(3119, 'China Eastern', 101),
(3120, 'China Eastern', 101),
(3121, 'China Eastern', 101),
(3122, 'China Eastern', 101),
(3123, 'China Eastern', 101),
(3124, 'China Eastern', 101),
(3125, 'China Eastern', 101),
(3126, 'China Eastern', 101),
(3127, 'China Eastern', 101),
(3128, 'China Eastern', 101),
(3129, 'China Eastern', 101),
(3130, 'China Eastern', 101),
(3131, 'China Eastern', 101),
(3132, 'China Eastern', 101),
(3133, 'China Eastern', 101),
(3134, 'China Eastern', 101),
(3135, 'China Eastern', 101),
(3136, 'China Eastern', 101),
(3137, 'China Eastern', 101),
(3138, 'China Eastern', 101),
(3139, 'China Eastern', 101),
(3140, 'China Eastern', 101),
(3141, 'China Eastern', 101),
(3142, 'China Eastern', 101),
(3143, 'China Eastern', 101),
(3144, 'China Eastern', 101),
(3145, 'China Eastern', 101),
(3146, 'China Eastern', 101),
(3147, 'China Eastern', 101),
(3148, 'China Eastern', 101),
(3149, 'China Eastern', 101),
(3150, 'China Eastern', 101),
(3151, 'China Eastern', 101),
(3152, 'China Eastern', 101),
(3153, 'China Eastern', 101),
(3154, 'China Eastern', 101),
(3155, 'China Eastern', 101),
(3156, 'China Eastern', 101),
(3157, 'China Eastern', 101),
(3158, 'China Eastern', 101),
(3159, 'China Eastern', 101),
(3160, 'China Eastern', 101),
(3161, 'China Eastern', 101),
(3162, 'China Eastern', 101),
(3163, 'China Eastern', 101),
(3164, 'China Eastern', 101),
(3165, 'China Eastern', 101),
(3166, 'China Eastern', 101),
(3167, 'China Eastern', 101),
(3168, 'China Eastern', 101),
(3169, 'China Eastern', 101),
(3170, 'China Eastern', 101),
(3171, 'China Eastern', 101),
(3172, 'China Eastern', 101),
(3173, 'China Eastern', 101),
(3174, 'China Eastern', 101),
(3175, 'China Eastern', 101),
(3176, 'China Eastern', 101),
(3177, 'China Eastern', 101),
(3178, 'China Eastern', 101),
(3179, 'China Eastern', 101),
(3180, 'China Eastern', 101),
(3181, 'China Eastern', 101),
(3182, 'China Eastern', 101),
(3183, 'China Eastern', 101),
(3184, 'China Eastern', 101),
(3185, 'China Eastern', 101),
(3186, 'China Eastern', 101),
(3187, 'China Eastern', 101),
(3188, 'China Eastern', 101),
(3189, 'China Eastern', 101),
(3190, 'China Eastern', 101),
(3191, 'China Eastern', 101),
(3192, 'China Eastern', 101),
(3193, 'China Eastern', 101),
(3194, 'China Eastern', 101),
(3195, 'China Eastern', 101),
(3196, 'China Eastern', 101),
(3197, 'China Eastern', 101),
(3198, 'China Eastern', 101),
(3199, 'China Eastern', 101),
(3200, 'China Eastern', 101),
(3201, 'China Eastern', 102),
(3202, 'China Eastern', 102),
(3203, 'China Eastern', 102),
(3204, 'China Eastern', 102),
(3205, 'China Eastern', 102),
(3206, 'China Eastern', 102),
(3207, 'China Eastern', 102),
(3208, 'China Eastern', 102),
(3209, 'China Eastern', 102),
(3210, 'China Eastern', 102),
(3211, 'China Eastern', 102),
(3212, 'China Eastern', 102),
(3213, 'China Eastern', 102),
(3214, 'China Eastern', 102),
(3215, 'China Eastern', 102),
(3216, 'China Eastern', 102),
(3217, 'China Eastern', 102),
(3218, 'China Eastern', 102),
(3219, 'China Eastern', 102),
(3220, 'China Eastern', 102),
(3221, 'China Eastern', 102),
(3222, 'China Eastern', 102),
(3223, 'China Eastern', 102),
(3224, 'China Eastern', 102),
(3225, 'China Eastern', 102),
(3226, 'China Eastern', 102),
(3227, 'China Eastern', 102),
(3228, 'China Eastern', 102),
(3229, 'China Eastern', 102),
(3230, 'China Eastern', 102),
(3231, 'China Eastern', 102),
(3232, 'China Eastern', 102),
(3233, 'China Eastern', 102),
(3234, 'China Eastern', 102),
(3235, 'China Eastern', 102),
(3236, 'China Eastern', 102),
(3237, 'China Eastern', 102),
(3238, 'China Eastern', 102),
(3239, 'China Eastern', 102),
(3240, 'China Eastern', 102),
(3241, 'China Eastern', 102),
(3242, 'China Eastern', 102),
(3243, 'China Eastern', 102),
(3244, 'China Eastern', 102),
(3245, 'China Eastern', 102),
(3246, 'China Eastern', 102),
(3247, 'China Eastern', 102),
(3248, 'China Eastern', 102),
(3249, 'China Eastern', 102),
(3250, 'China Eastern', 102),
(3251, 'China Eastern', 102),
(3252, 'China Eastern', 102),
(3253, 'China Eastern', 102),
(3254, 'China Eastern', 102),
(3255, 'China Eastern', 102),
(3256, 'China Eastern', 102),
(3257, 'China Eastern', 102),
(3258, 'China Eastern', 102),
(3259, 'China Eastern', 102),
(3260, 'China Eastern', 102),
(3261, 'China Eastern', 102),
(3262, 'China Eastern', 102),
(3263, 'China Eastern', 102),
(3264, 'China Eastern', 102),
(3265, 'China Eastern', 102),
(3266, 'China Eastern', 102),
(3267, 'China Eastern', 102),
(3268, 'China Eastern', 102),
(3269, 'China Eastern', 102),
(3270, 'China Eastern', 102),
(3271, 'China Eastern', 102),
(3272, 'China Eastern', 102),
(3273, 'China Eastern', 102),
(3274, 'China Eastern', 102),
(3275, 'China Eastern', 102),
(3276, 'China Eastern', 102),
(3277, 'China Eastern', 102),
(3278, 'China Eastern', 102),
(3279, 'China Eastern', 102),
(3280, 'China Eastern', 102),
(3281, 'China Eastern', 102),
(3282, 'China Eastern', 102),
(3283, 'China Eastern', 102),
(3284, 'China Eastern', 102),
(3285, 'China Eastern', 102),
(3286, 'China Eastern', 102),
(3287, 'China Eastern', 102),
(3288, 'China Eastern', 102),
(3289, 'China Eastern', 102),
(3290, 'China Eastern', 102),
(3291, 'China Eastern', 102),
(3292, 'China Eastern', 102),
(3293, 'China Eastern', 102),
(3294, 'China Eastern', 102),
(3295, 'China Eastern', 102),
(3296, 'China Eastern', 102),
(3297, 'China Eastern', 102),
(3298, 'China Eastern', 102),
(3299, 'China Eastern', 102),
(3300, 'China Eastern', 102),
(3301, 'China Eastern', 102),
(3302, 'China Eastern', 102),
(3303, 'China Eastern', 102),
(3304, 'China Eastern', 102),
(3305, 'China Eastern', 102),
(3306, 'China Eastern', 102),
(3307, 'China Eastern', 102),
(3308, 'China Eastern', 102),
(3309, 'China Eastern', 102),
(3310, 'China Eastern', 102),
(3311, 'China Eastern', 102),
(3312, 'China Eastern', 102),
(3313, 'China Eastern', 102),
(3314, 'China Eastern', 102),
(3315, 'China Eastern', 102),
(3316, 'China Eastern', 102),
(3317, 'China Eastern', 102),
(3318, 'China Eastern', 102),
(3319, 'China Eastern', 102),
(3320, 'China Eastern', 102),
(3321, 'China Eastern', 102),
(3322, 'China Eastern', 102),
(3323, 'China Eastern', 102),
(3324, 'China Eastern', 102),
(3325, 'China Eastern', 102),
(3326, 'China Eastern', 102),
(3327, 'China Eastern', 102),
(3328, 'China Eastern', 102),
(3329, 'China Eastern', 102),
(3330, 'China Eastern', 102),
(3331, 'China Eastern', 102),
(3332, 'China Eastern', 102),
(3333, 'China Eastern', 102),
(3334, 'China Eastern', 102),
(3335, 'China Eastern', 102),
(3336, 'China Eastern', 102),
(3337, 'China Eastern', 102),
(3338, 'China Eastern', 102),
(3339, 'China Eastern', 102),
(3340, 'China Eastern', 102),
(3341, 'China Eastern', 102),
(3342, 'China Eastern', 102),
(3343, 'China Eastern', 102),
(3344, 'China Eastern', 102),
(3345, 'China Eastern', 102),
(3346, 'China Eastern', 102),
(3347, 'China Eastern', 102),
(3348, 'China Eastern', 102),
(3349, 'China Eastern', 102),
(3350, 'China Eastern', 102),
(3351, 'China Eastern', 102),
(3352, 'China Eastern', 102),
(3353, 'China Eastern', 102),
(3354, 'China Eastern', 102),
(3355, 'China Eastern', 102),
(3356, 'China Eastern', 102),
(3357, 'China Eastern', 102),
(3358, 'China Eastern', 102),
(3359, 'China Eastern', 102),
(3360, 'China Eastern', 102),
(3361, 'China Eastern', 102),
(3362, 'China Eastern', 102),
(3363, 'China Eastern', 102),
(3364, 'China Eastern', 102),
(3365, 'China Eastern', 102),
(3366, 'China Eastern', 102),
(3367, 'China Eastern', 102),
(3368, 'China Eastern', 102),
(3369, 'China Eastern', 102),
(3370, 'China Eastern', 102),
(3371, 'China Eastern', 102),
(3372, 'China Eastern', 102),
(3373, 'China Eastern', 102),
(3374, 'China Eastern', 102),
(3375, 'China Eastern', 102),
(3376, 'China Eastern', 102),
(3377, 'China Eastern', 102),
(3378, 'China Eastern', 102),
(3379, 'China Eastern', 102),
(3380, 'China Eastern', 102),
(3381, 'China Eastern', 102),
(3382, 'China Eastern', 102),
(3383, 'China Eastern', 102),
(3384, 'China Eastern', 102),
(3385, 'China Eastern', 102),
(3386, 'China Eastern', 102),
(3387, 'China Eastern', 102),
(3388, 'China Eastern', 102),
(3389, 'China Eastern', 102),
(3390, 'China Eastern', 102),
(3391, 'China Eastern', 102),
(3392, 'China Eastern', 102),
(3393, 'China Eastern', 102),
(3394, 'China Eastern', 102),
(3395, 'China Eastern', 102),
(3396, 'China Eastern', 102),
(3397, 'China Eastern', 102),
(3398, 'China Eastern', 102),
(3399, 'China Eastern', 102),
(3400, 'China Eastern', 102),
(3401, 'China Eastern', 102),
(3402, 'China Eastern', 102),
(3403, 'China Eastern', 102),
(3404, 'China Eastern', 102),
(3405, 'China Eastern', 102),
(3406, 'China Eastern', 102),
(3407, 'China Eastern', 102),
(3408, 'China Eastern', 102),
(3409, 'China Eastern', 102),
(3410, 'China Eastern', 102),
(3411, 'China Eastern', 102),
(3412, 'China Eastern', 102),
(3413, 'China Eastern', 102),
(3414, 'China Eastern', 102),
(3415, 'China Eastern', 102),
(3416, 'China Eastern', 102),
(3417, 'China Eastern', 102),
(3418, 'China Eastern', 102),
(3419, 'China Eastern', 102),
(3420, 'China Eastern', 102),
(3421, 'China Eastern', 102),
(3422, 'China Eastern', 102),
(3423, 'China Eastern', 102),
(3424, 'China Eastern', 102),
(3425, 'China Eastern', 102),
(3426, 'China Eastern', 102),
(3427, 'China Eastern', 102),
(3428, 'China Eastern', 102),
(3429, 'China Eastern', 102),
(3430, 'China Eastern', 102),
(3431, 'China Eastern', 102),
(3432, 'China Eastern', 102),
(3433, 'China Eastern', 102),
(3434, 'China Eastern', 102),
(3435, 'China Eastern', 102),
(3436, 'China Eastern', 102),
(3437, 'China Eastern', 102),
(3438, 'China Eastern', 102),
(3439, 'China Eastern', 102),
(3440, 'China Eastern', 102),
(3441, 'China Eastern', 102),
(3442, 'China Eastern', 102),
(3443, 'China Eastern', 102),
(3444, 'China Eastern', 102),
(3445, 'China Eastern', 102),
(3446, 'China Eastern', 102),
(3447, 'China Eastern', 102),
(3448, 'China Eastern', 102),
(3449, 'China Eastern', 102),
(3450, 'China Eastern', 102),
(3451, 'China Eastern', 102),
(3452, 'China Eastern', 102),
(3453, 'China Eastern', 102),
(3454, 'China Eastern', 102),
(3455, 'China Eastern', 102),
(3456, 'China Eastern', 102),
(3457, 'China Eastern', 102),
(3458, 'China Eastern', 102),
(3459, 'China Eastern', 102),
(3460, 'China Eastern', 102),
(3461, 'China Eastern', 102),
(3462, 'China Eastern', 102),
(3463, 'China Eastern', 102),
(3464, 'China Eastern', 102),
(3465, 'China Eastern', 102),
(3466, 'China Eastern', 102),
(3467, 'China Eastern', 102),
(3468, 'China Eastern', 102),
(3469, 'China Eastern', 102),
(3470, 'China Eastern', 102),
(3471, 'China Eastern', 102),
(3472, 'China Eastern', 102),
(3473, 'China Eastern', 102),
(3474, 'China Eastern', 102),
(3475, 'China Eastern', 102),
(3476, 'China Eastern', 102),
(3477, 'China Eastern', 102),
(3478, 'China Eastern', 102),
(3479, 'China Eastern', 102),
(3480, 'China Eastern', 102),
(3481, 'China Eastern', 102),
(3482, 'China Eastern', 102),
(3483, 'China Eastern', 102),
(3484, 'China Eastern', 102),
(3485, 'China Eastern', 102),
(3486, 'China Eastern', 102),
(3487, 'China Eastern', 102),
(3488, 'China Eastern', 102),
(3489, 'China Eastern', 102),
(3490, 'China Eastern', 102),
(3491, 'China Eastern', 102),
(3492, 'China Eastern', 102),
(3493, 'China Eastern', 102),
(3494, 'China Eastern', 102),
(3495, 'China Eastern', 102),
(3496, 'China Eastern', 102),
(3497, 'China Eastern', 102),
(3498, 'China Eastern', 102),
(3499, 'China Eastern', 102),
(3500, 'China Eastern', 102),
(3501, 'China Eastern', 103),
(3502, 'China Eastern', 103),
(3503, 'China Eastern', 103),
(3504, 'China Eastern', 103),
(3505, 'China Eastern', 103),
(3506, 'China Eastern', 103),
(3507, 'China Eastern', 103),
(3508, 'China Eastern', 103),
(3509, 'China Eastern', 103),
(3510, 'China Eastern', 103),
(3511, 'China Eastern', 103),
(3512, 'China Eastern', 103),
(3513, 'China Eastern', 103),
(3514, 'China Eastern', 103),
(3515, 'China Eastern', 103),
(3516, 'China Eastern', 103),
(3517, 'China Eastern', 103),
(3518, 'China Eastern', 103),
(3519, 'China Eastern', 103),
(3520, 'China Eastern', 103),
(3521, 'China Eastern', 103),
(3522, 'China Eastern', 103),
(3523, 'China Eastern', 103),
(3524, 'China Eastern', 103),
(3525, 'China Eastern', 103),
(3526, 'China Eastern', 103),
(3527, 'China Eastern', 103),
(3528, 'China Eastern', 103),
(3529, 'China Eastern', 103),
(3530, 'China Eastern', 103),
(3531, 'China Eastern', 103),
(3532, 'China Eastern', 103),
(3533, 'China Eastern', 103),
(3534, 'China Eastern', 103),
(3535, 'China Eastern', 103),
(3536, 'China Eastern', 103),
(3537, 'China Eastern', 103),
(3538, 'China Eastern', 103),
(3539, 'China Eastern', 103),
(3540, 'China Eastern', 103),
(3541, 'China Eastern', 103),
(3542, 'China Eastern', 103),
(3543, 'China Eastern', 103),
(3544, 'China Eastern', 103),
(3545, 'China Eastern', 103),
(3546, 'China Eastern', 103),
(3547, 'China Eastern', 103),
(3548, 'China Eastern', 103),
(3549, 'China Eastern', 103),
(3550, 'China Eastern', 103),
(3551, 'China Eastern', 103),
(3552, 'China Eastern', 103),
(3553, 'China Eastern', 103),
(3554, 'China Eastern', 103),
(3555, 'China Eastern', 103),
(3556, 'China Eastern', 103),
(3557, 'China Eastern', 103),
(3558, 'China Eastern', 103),
(3559, 'China Eastern', 103),
(3560, 'China Eastern', 103),
(3561, 'China Eastern', 103),
(3562, 'China Eastern', 103),
(3563, 'China Eastern', 103),
(3564, 'China Eastern', 103),
(3565, 'China Eastern', 103),
(3566, 'China Eastern', 103),
(3567, 'China Eastern', 103),
(3568, 'China Eastern', 103),
(3569, 'China Eastern', 103),
(3570, 'China Eastern', 103),
(3571, 'China Eastern', 103),
(3572, 'China Eastern', 103),
(3573, 'China Eastern', 103),
(3574, 'China Eastern', 103),
(3575, 'China Eastern', 103),
(3576, 'China Eastern', 103),
(3577, 'China Eastern', 103),
(3578, 'China Eastern', 103),
(3579, 'China Eastern', 103),
(3580, 'China Eastern', 103),
(3581, 'China Eastern', 103),
(3582, 'China Eastern', 103),
(3583, 'China Eastern', 103),
(3584, 'China Eastern', 103),
(3585, 'China Eastern', 103),
(3586, 'China Eastern', 103),
(3587, 'China Eastern', 103),
(3588, 'China Eastern', 103),
(3589, 'China Eastern', 103),
(3590, 'China Eastern', 103),
(3591, 'China Eastern', 103),
(3592, 'China Eastern', 103),
(3593, 'China Eastern', 103),
(3594, 'China Eastern', 103),
(3595, 'China Eastern', 103),
(3596, 'China Eastern', 103),
(3597, 'China Eastern', 103),
(3598, 'China Eastern', 103),
(3599, 'China Eastern', 103),
(3600, 'China Eastern', 103),
(3601, 'China Eastern', 103),
(3602, 'China Eastern', 103),
(3603, 'China Eastern', 103),
(3604, 'China Eastern', 103),
(3605, 'China Eastern', 103),
(3606, 'China Eastern', 103),
(3607, 'China Eastern', 103),
(3608, 'China Eastern', 103),
(3609, 'China Eastern', 103),
(3610, 'China Eastern', 103),
(3611, 'China Eastern', 103),
(3612, 'China Eastern', 103),
(3613, 'China Eastern', 103),
(3614, 'China Eastern', 103),
(3615, 'China Eastern', 103),
(3616, 'China Eastern', 103),
(3617, 'China Eastern', 103),
(3618, 'China Eastern', 103),
(3619, 'China Eastern', 103),
(3620, 'China Eastern', 103),
(3621, 'China Eastern', 103),
(3622, 'China Eastern', 103),
(3623, 'China Eastern', 103),
(3624, 'China Eastern', 103),
(3625, 'China Eastern', 103),
(3626, 'China Eastern', 103),
(3627, 'China Eastern', 103),
(3628, 'China Eastern', 103),
(3629, 'China Eastern', 103),
(3630, 'China Eastern', 103),
(3631, 'China Eastern', 103),
(3632, 'China Eastern', 103),
(3633, 'China Eastern', 103),
(3634, 'China Eastern', 103),
(3635, 'China Eastern', 103),
(3636, 'China Eastern', 103),
(3637, 'China Eastern', 103),
(3638, 'China Eastern', 103),
(3639, 'China Eastern', 103),
(3640, 'China Eastern', 103),
(3641, 'China Eastern', 103),
(3642, 'China Eastern', 103),
(3643, 'China Eastern', 103),
(3644, 'China Eastern', 103),
(3645, 'China Eastern', 103),
(3646, 'China Eastern', 103),
(3647, 'China Eastern', 103),
(3648, 'China Eastern', 103),
(3649, 'China Eastern', 103),
(3650, 'China Eastern', 103),
(3651, 'China Eastern', 103),
(3652, 'China Eastern', 103),
(3653, 'China Eastern', 103),
(3654, 'China Eastern', 103),
(3655, 'China Eastern', 103),
(3656, 'China Eastern', 103),
(3657, 'China Eastern', 103),
(3658, 'China Eastern', 103),
(3659, 'China Eastern', 103),
(3660, 'China Eastern', 103),
(3661, 'China Eastern', 103),
(3662, 'China Eastern', 103),
(3663, 'China Eastern', 103),
(3664, 'China Eastern', 103),
(3665, 'China Eastern', 103),
(3666, 'China Eastern', 103),
(3667, 'China Eastern', 103),
(3668, 'China Eastern', 103),
(3669, 'China Eastern', 103),
(3670, 'China Eastern', 103),
(3671, 'China Eastern', 103),
(3672, 'China Eastern', 103),
(3673, 'China Eastern', 103),
(3674, 'China Eastern', 103),
(3675, 'China Eastern', 103),
(3676, 'China Eastern', 103),
(3677, 'China Eastern', 103),
(3678, 'China Eastern', 103),
(3679, 'China Eastern', 103),
(3680, 'China Eastern', 103),
(3681, 'China Eastern', 103),
(3682, 'China Eastern', 103),
(3683, 'China Eastern', 103),
(3684, 'China Eastern', 103),
(3685, 'China Eastern', 103),
(3686, 'China Eastern', 103),
(3687, 'China Eastern', 103),
(3688, 'China Eastern', 103),
(3689, 'China Eastern', 103),
(3690, 'China Eastern', 103),
(3691, 'China Eastern', 103),
(3692, 'China Eastern', 103),
(3693, 'China Eastern', 103),
(3694, 'China Eastern', 103),
(3695, 'China Eastern', 103),
(3696, 'China Eastern', 103),
(3697, 'China Eastern', 103),
(3698, 'China Eastern', 103),
(3699, 'China Eastern', 103),
(3700, 'China Eastern', 103),
(800, 'China Eastern', 104),
(801, 'China Eastern', 104),
(802, 'China Eastern', 104),
(803, 'China Eastern', 104),
(804, 'China Eastern', 104),
(805, 'China Eastern', 104),
(806, 'China Eastern', 104),
(807, 'China Eastern', 104),
(808, 'China Eastern', 104),
(809, 'China Eastern', 104),
(810, 'China Eastern', 104),
(811, 'China Eastern', 104),
(812, 'China Eastern', 104),
(813, 'China Eastern', 104),
(814, 'China Eastern', 104),
(815, 'China Eastern', 104),
(816, 'China Eastern', 104),
(817, 'China Eastern', 104),
(818, 'China Eastern', 104),
(819, 'China Eastern', 104),
(820, 'China Eastern', 104),
(821, 'China Eastern', 104),
(822, 'China Eastern', 104),
(823, 'China Eastern', 104),
(824, 'China Eastern', 104),
(825, 'China Eastern', 104),
(826, 'China Eastern', 104),
(827, 'China Eastern', 104),
(828, 'China Eastern', 104),
(829, 'China Eastern', 104),
(830, 'China Eastern', 104),
(831, 'China Eastern', 104),
(832, 'China Eastern', 104),
(833, 'China Eastern', 104),
(834, 'China Eastern', 104),
(835, 'China Eastern', 104),
(836, 'China Eastern', 104),
(837, 'China Eastern', 104),
(838, 'China Eastern', 104),
(839, 'China Eastern', 104),
(840, 'China Eastern', 104),
(841, 'China Eastern', 104),
(842, 'China Eastern', 104),
(843, 'China Eastern', 104),
(844, 'China Eastern', 104),
(845, 'China Eastern', 104),
(846, 'China Eastern', 104),
(847, 'China Eastern', 104),
(848, 'China Eastern', 104),
(849, 'China Eastern', 104),
(850, 'China Eastern', 104),
(851, 'China Eastern', 104),
(852, 'China Eastern', 104),
(853, 'China Eastern', 104),
(854, 'China Eastern', 104),
(855, 'China Eastern', 104),
(856, 'China Eastern', 104),
(857, 'China Eastern', 104),
(858, 'China Eastern', 104),
(859, 'China Eastern', 104),
(860, 'China Eastern', 104),
(861, 'China Eastern', 104),
(862, 'China Eastern', 104),
(863, 'China Eastern', 104),
(864, 'China Eastern', 104),
(865, 'China Eastern', 104),
(866, 'China Eastern', 104),
(867, 'China Eastern', 104),
(868, 'China Eastern', 104),
(869, 'China Eastern', 104),
(870, 'China Eastern', 104),
(871, 'China Eastern', 104),
(872, 'China Eastern', 104),
(873, 'China Eastern', 104),
(874, 'China Eastern', 104),
(875, 'China Eastern', 104),
(876, 'China Eastern', 104),
(877, 'China Eastern', 104),
(878, 'China Eastern', 104),
(879, 'China Eastern', 104),
(880, 'China Eastern', 104),
(881, 'China Eastern', 104),
(882, 'China Eastern', 104),
(883, 'China Eastern', 104),
(884, 'China Eastern', 104),
(885, 'China Eastern', 104),
(886, 'China Eastern', 104),
(887, 'China Eastern', 104),
(888, 'China Eastern', 104),
(889, 'China Eastern', 104),
(890, 'China Eastern', 104),
(891, 'China Eastern', 104),
(892, 'China Eastern', 104),
(893, 'China Eastern', 104),
(894, 'China Eastern', 104),
(895, 'China Eastern', 104),
(896, 'China Eastern', 104),
(897, 'China Eastern', 104),
(898, 'China Eastern', 104),
(899, 'China Eastern', 104),
(900, 'China Eastern', 104),
(901, 'China Eastern', 104),
(902, 'China Eastern', 104),
(903, 'China Eastern', 104),
(904, 'China Eastern', 104),
(905, 'China Eastern', 104),
(906, 'China Eastern', 104),
(907, 'China Eastern', 104),
(908, 'China Eastern', 104),
(909, 'China Eastern', 104),
(910, 'China Eastern', 104),
(911, 'China Eastern', 104),
(912, 'China Eastern', 104),
(913, 'China Eastern', 104),
(914, 'China Eastern', 104),
(915, 'China Eastern', 104),
(916, 'China Eastern', 104),
(917, 'China Eastern', 104),
(918, 'China Eastern', 104),
(919, 'China Eastern', 104),
(920, 'China Eastern', 104),
(921, 'China Eastern', 104),
(922, 'China Eastern', 104),
(923, 'China Eastern', 104),
(924, 'China Eastern', 104),
(925, 'China Eastern', 104),
(926, 'China Eastern', 104),
(927, 'China Eastern', 104),
(928, 'China Eastern', 104),
(929, 'China Eastern', 104),
(930, 'China Eastern', 104),
(931, 'China Eastern', 104),
(932, 'China Eastern', 104),
(933, 'China Eastern', 104),
(934, 'China Eastern', 104),
(935, 'China Eastern', 104),
(936, 'China Eastern', 104),
(937, 'China Eastern', 104),
(938, 'China Eastern', 104),
(939, 'China Eastern', 104),
(940, 'China Eastern', 104),
(941, 'China Eastern', 104),
(942, 'China Eastern', 104),
(943, 'China Eastern', 104),
(944, 'China Eastern', 104),
(945, 'China Eastern', 104),
(946, 'China Eastern', 104),
(947, 'China Eastern', 104),
(948, 'China Eastern', 104),
(949, 'China Eastern', 104),
(950, 'China Eastern', 104),
(951, 'China Eastern', 104),
(952, 'China Eastern', 104),
(953, 'China Eastern', 104),
(954, 'China Eastern', 104),
(955, 'China Eastern', 104),
(956, 'China Eastern', 104),
(957, 'China Eastern', 104),
(958, 'China Eastern', 104),
(959, 'China Eastern', 104),
(960, 'China Eastern', 104),
(961, 'China Eastern', 104),
(962, 'China Eastern', 104),
(963, 'China Eastern', 104),
(964, 'China Eastern', 104),
(965, 'China Eastern', 104),
(966, 'China Eastern', 104),
(967, 'China Eastern', 104),
(968, 'China Eastern', 104),
(969, 'China Eastern', 104),
(970, 'China Eastern', 104),
(971, 'China Eastern', 104),
(972, 'China Eastern', 104),
(973, 'China Eastern', 104),
(974, 'China Eastern', 104),
(975, 'China Eastern', 104),
(976, 'China Eastern', 104),
(977, 'China Eastern', 104),
(978, 'China Eastern', 104),
(979, 'China Eastern', 104),
(980, 'China Eastern', 104),
(981, 'China Eastern', 104),
(982, 'China Eastern', 104),
(983, 'China Eastern', 104),
(984, 'China Eastern', 104),
(985, 'China Eastern', 104),
(986, 'China Eastern', 104),
(987, 'China Eastern', 104),
(988, 'China Eastern', 104),
(989, 'China Eastern', 104),
(990, 'China Eastern', 104),
(991, 'China Eastern', 104),
(992, 'China Eastern', 104),
(993, 'China Eastern', 104),
(994, 'China Eastern', 104),
(995, 'China Eastern', 104),
(996, 'China Eastern', 104),
(997, 'China Eastern', 104),
(998, 'China Eastern', 104),
(999, 'China Eastern', 104),
(3704, 'China Eastern', 105),
(3705, 'China Eastern', 105),
(3706, 'China Eastern', 105),
(3707, 'China Eastern', 105),
(3708, 'China Eastern', 105),
(3709, 'China Eastern', 105),
(3710, 'China Eastern', 105),
(3711, 'China Eastern', 105),
(3712, 'China Eastern', 105),
(3713, 'China Eastern', 105),
(3714, 'China Eastern', 105),
(3715, 'China Eastern', 105),
(3716, 'China Eastern', 105),
(3717, 'China Eastern', 105),
(3718, 'China Eastern', 105),
(3719, 'China Eastern', 105),
(3720, 'China Eastern', 105),
(3721, 'China Eastern', 105),
(3722, 'China Eastern', 105),
(3723, 'China Eastern', 105),
(3724, 'China Eastern', 105),
(3725, 'China Eastern', 105),
(3726, 'China Eastern', 105),
(3727, 'China Eastern', 105),
(3728, 'China Eastern', 105),
(3729, 'China Eastern', 105),
(3730, 'China Eastern', 105),
(3731, 'China Eastern', 105),
(3732, 'China Eastern', 105),
(3733, 'China Eastern', 105),
(3734, 'China Eastern', 105),
(3735, 'China Eastern', 105),
(3736, 'China Eastern', 105),
(3737, 'China Eastern', 105),
(3738, 'China Eastern', 105),
(3739, 'China Eastern', 105),
(3740, 'China Eastern', 105),
(3741, 'China Eastern', 105),
(3742, 'China Eastern', 105),
(3743, 'China Eastern', 105),
(3744, 'China Eastern', 105),
(3745, 'China Eastern', 105),
(3746, 'China Eastern', 105),
(3747, 'China Eastern', 105),
(3748, 'China Eastern', 105),
(3749, 'China Eastern', 105),
(3750, 'China Eastern', 105),
(3751, 'China Eastern', 105),
(3752, 'China Eastern', 105),
(3753, 'China Eastern', 105),
(3754, 'China Eastern', 105),
(3755, 'China Eastern', 105),
(3756, 'China Eastern', 105),
(3757, 'China Eastern', 105),
(3758, 'China Eastern', 105),
(3759, 'China Eastern', 105),
(3760, 'China Eastern', 105),
(3761, 'China Eastern', 105),
(3762, 'China Eastern', 105),
(3763, 'China Eastern', 105),
(3764, 'China Eastern', 105),
(3765, 'China Eastern', 105),
(3766, 'China Eastern', 105),
(3767, 'China Eastern', 105),
(3768, 'China Eastern', 105),
(3769, 'China Eastern', 105),
(3770, 'China Eastern', 105),
(3771, 'China Eastern', 105),
(3772, 'China Eastern', 105),
(3773, 'China Eastern', 105),
(3774, 'China Eastern', 105),
(3775, 'China Eastern', 105),
(3776, 'China Eastern', 105),
(3777, 'China Eastern', 105),
(3778, 'China Eastern', 105),
(3779, 'China Eastern', 105),
(3780, 'China Eastern', 105),
(3781, 'China Eastern', 105),
(3782, 'China Eastern', 105),
(3783, 'China Eastern', 105),
(3784, 'China Eastern', 105),
(3785, 'China Eastern', 105),
(3786, 'China Eastern', 105),
(3787, 'China Eastern', 105),
(3788, 'China Eastern', 105),
(3789, 'China Eastern', 105),
(3790, 'China Eastern', 105),
(3791, 'China Eastern', 105),
(3792, 'China Eastern', 105),
(3793, 'China Eastern', 105),
(3794, 'China Eastern', 105),
(3795, 'China Eastern', 105),
(3796, 'China Eastern', 105),
(3797, 'China Eastern', 105),
(3798, 'China Eastern', 105),
(3799, 'China Eastern', 105),
(3800, 'China Eastern', 105),
(3801, 'China Eastern', 105),
(3802, 'China Eastern', 105),
(3803, 'China Eastern', 105),
(3804, 'China Eastern', 105),
(3805, 'China Eastern', 105),
(3806, 'China Eastern', 105),
(3807, 'China Eastern', 105),
(3808, 'China Eastern', 105),
(3809, 'China Eastern', 105),
(3810, 'China Eastern', 105),
(3811, 'China Eastern', 105),
(3812, 'China Eastern', 105),
(3813, 'China Eastern', 105),
(3814, 'China Eastern', 105),
(3815, 'China Eastern', 105),
(3816, 'China Eastern', 105),
(3817, 'China Eastern', 105),
(3818, 'China Eastern', 105),
(3819, 'China Eastern', 105),
(3820, 'China Eastern', 105),
(3821, 'China Eastern', 105),
(3822, 'China Eastern', 105),
(3823, 'China Eastern', 105),
(3824, 'China Eastern', 105),
(3825, 'China Eastern', 105),
(3826, 'China Eastern', 105),
(3827, 'China Eastern', 105),
(3828, 'China Eastern', 105),
(3829, 'China Eastern', 105),
(3830, 'China Eastern', 105),
(3831, 'China Eastern', 105),
(3832, 'China Eastern', 105),
(3833, 'China Eastern', 105),
(3834, 'China Eastern', 105),
(3835, 'China Eastern', 105),
(3836, 'China Eastern', 105),
(3837, 'China Eastern', 105),
(3838, 'China Eastern', 105),
(3839, 'China Eastern', 105),
(3840, 'China Eastern', 105),
(3841, 'China Eastern', 105),
(3842, 'China Eastern', 105),
(3843, 'China Eastern', 105),
(3844, 'China Eastern', 105),
(3845, 'China Eastern', 105),
(3846, 'China Eastern', 105),
(3847, 'China Eastern', 105),
(3848, 'China Eastern', 105),
(3849, 'China Eastern', 105),
(3850, 'China Eastern', 105),
(3851, 'China Eastern', 105),
(3852, 'China Eastern', 105),
(3853, 'China Eastern', 105),
(3854, 'China Eastern', 105),
(3855, 'China Eastern', 105),
(3856, 'China Eastern', 105),
(3857, 'China Eastern', 105),
(3858, 'China Eastern', 105),
(3859, 'China Eastern', 105),
(3860, 'China Eastern', 105),
(3861, 'China Eastern', 105),
(3862, 'China Eastern', 105),
(3863, 'China Eastern', 105),
(3864, 'China Eastern', 105),
(3865, 'China Eastern', 105),
(3866, 'China Eastern', 105),
(3867, 'China Eastern', 105),
(3868, 'China Eastern', 105),
(3869, 'China Eastern', 105),
(3870, 'China Eastern', 105),
(3871, 'China Eastern', 105),
(3872, 'China Eastern', 105),
(3873, 'China Eastern', 105),
(3874, 'China Eastern', 105),
(3875, 'China Eastern', 105),
(3876, 'China Eastern', 105),
(3877, 'China Eastern', 105),
(3878, 'China Eastern', 105),
(3879, 'China Eastern', 105),
(3880, 'China Eastern', 105),
(3881, 'China Eastern', 105),
(3882, 'China Eastern', 105),
(3883, 'China Eastern', 105),
(3884, 'China Eastern', 105),
(3885, 'China Eastern', 105),
(3886, 'China Eastern', 105),
(3887, 'China Eastern', 105),
(3888, 'China Eastern', 105),
(3889, 'China Eastern', 105),
(3890, 'China Eastern', 105),
(3891, 'China Eastern', 105),
(3892, 'China Eastern', 105),
(3893, 'China Eastern', 105),
(3894, 'China Eastern', 105),
(3895, 'China Eastern', 105),
(3896, 'China Eastern', 105),
(3897, 'China Eastern', 105),
(3898, 'China Eastern', 105),
(3899, 'China Eastern', 105),
(3900, 'China Eastern', 105),
(3901, 'China Eastern', 105),
(3902, 'China Eastern', 105),
(3903, 'China Eastern', 105),
(3904, 'China Eastern', 106),
(3905, 'China Eastern', 106),
(3906, 'China Eastern', 107),
(3907, 'China Eastern', 107),
(301, 'Delta Airlines', 2),
(302, 'Delta Airlines', 2),
(303, 'Delta Airlines', 2),
(304, 'Delta Airlines', 2),
(305, 'Delta Airlines', 2),
(306, 'Delta Airlines', 2),
(307, 'Delta Airlines', 2),
(308, 'Delta Airlines', 2),
(309, 'Delta Airlines', 2),
(310, 'Delta Airlines', 2),
(311, 'Delta Airlines', 2),
(312, 'Delta Airlines', 2),
(313, 'Delta Airlines', 2),
(314, 'Delta Airlines', 2),
(315, 'Delta Airlines', 2),
(316, 'Delta Airlines', 2),
(317, 'Delta Airlines', 2),
(318, 'Delta Airlines', 2),
(319, 'Delta Airlines', 2),
(320, 'Delta Airlines', 2),
(321, 'Delta Airlines', 2),
(322, 'Delta Airlines', 2),
(323, 'Delta Airlines', 2),
(324, 'Delta Airlines', 2),
(325, 'Delta Airlines', 2),
(326, 'Delta Airlines', 2),
(327, 'Delta Airlines', 2),
(328, 'Delta Airlines', 2),
(329, 'Delta Airlines', 2),
(330, 'Delta Airlines', 2),
(331, 'Delta Airlines', 2),
(332, 'Delta Airlines', 2),
(333, 'Delta Airlines', 2),
(334, 'Delta Airlines', 2),
(335, 'Delta Airlines', 2),
(336, 'Delta Airlines', 2),
(337, 'Delta Airlines', 2),
(338, 'Delta Airlines', 2),
(339, 'Delta Airlines', 2),
(340, 'Delta Airlines', 2),
(341, 'Delta Airlines', 2),
(342, 'Delta Airlines', 2),
(343, 'Delta Airlines', 2),
(344, 'Delta Airlines', 2),
(345, 'Delta Airlines', 2),
(346, 'Delta Airlines', 2),
(347, 'Delta Airlines', 2),
(348, 'Delta Airlines', 2),
(349, 'Delta Airlines', 2),
(350, 'Delta Airlines', 2),
(351, 'Delta Airlines', 2),
(352, 'Delta Airlines', 2),
(353, 'Delta Airlines', 2),
(354, 'Delta Airlines', 2),
(355, 'Delta Airlines', 2),
(356, 'Delta Airlines', 2),
(357, 'Delta Airlines', 2),
(358, 'Delta Airlines', 2),
(359, 'Delta Airlines', 2),
(360, 'Delta Airlines', 2),
(361, 'Delta Airlines', 2),
(362, 'Delta Airlines', 2),
(363, 'Delta Airlines', 2),
(364, 'Delta Airlines', 2),
(365, 'Delta Airlines', 2),
(366, 'Delta Airlines', 2),
(367, 'Delta Airlines', 2),
(368, 'Delta Airlines', 2),
(369, 'Delta Airlines', 2),
(370, 'Delta Airlines', 2),
(371, 'Delta Airlines', 2),
(372, 'Delta Airlines', 2),
(373, 'Delta Airlines', 2),
(374, 'Delta Airlines', 2),
(375, 'Delta Airlines', 2),
(376, 'Delta Airlines', 2),
(377, 'Delta Airlines', 2),
(378, 'Delta Airlines', 2),
(379, 'Delta Airlines', 2),
(380, 'Delta Airlines', 2),
(381, 'Delta Airlines', 2),
(382, 'Delta Airlines', 2),
(383, 'Delta Airlines', 2),
(384, 'Delta Airlines', 2),
(385, 'Delta Airlines', 2),
(386, 'Delta Airlines', 2),
(387, 'Delta Airlines', 2),
(388, 'Delta Airlines', 2),
(389, 'Delta Airlines', 2),
(390, 'Delta Airlines', 2),
(391, 'Delta Airlines', 2),
(392, 'Delta Airlines', 2),
(393, 'Delta Airlines', 2),
(394, 'Delta Airlines', 2),
(395, 'Delta Airlines', 2),
(396, 'Delta Airlines', 2),
(397, 'Delta Airlines', 2),
(398, 'Delta Airlines', 2),
(399, 'Delta Airlines', 2),
(400, 'Delta Airlines', 2),
(401, 'Delta Airlines', 2),
(402, 'Delta Airlines', 2),
(403, 'Delta Airlines', 2),
(404, 'Delta Airlines', 2),
(405, 'Delta Airlines', 2),
(406, 'Delta Airlines', 2),
(407, 'Delta Airlines', 2),
(408, 'Delta Airlines', 2),
(409, 'Delta Airlines', 2),
(410, 'Delta Airlines', 2),
(411, 'Delta Airlines', 2),
(412, 'Delta Airlines', 2),
(413, 'Delta Airlines', 2),
(414, 'Delta Airlines', 2),
(415, 'Delta Airlines', 2),
(416, 'Delta Airlines', 2),
(417, 'Delta Airlines', 2),
(418, 'Delta Airlines', 2),
(419, 'Delta Airlines', 2),
(420, 'Delta Airlines', 2),
(421, 'Delta Airlines', 2),
(422, 'Delta Airlines', 2),
(423, 'Delta Airlines', 2),
(424, 'Delta Airlines', 2),
(425, 'Delta Airlines', 2),
(426, 'Delta Airlines', 2),
(427, 'Delta Airlines', 2),
(428, 'Delta Airlines', 2),
(429, 'Delta Airlines', 2),
(430, 'Delta Airlines', 2),
(431, 'Delta Airlines', 2),
(432, 'Delta Airlines', 2),
(433, 'Delta Airlines', 2),
(434, 'Delta Airlines', 2),
(435, 'Delta Airlines', 2),
(436, 'Delta Airlines', 2),
(437, 'Delta Airlines', 2),
(438, 'Delta Airlines', 2),
(439, 'Delta Airlines', 2),
(440, 'Delta Airlines', 2),
(441, 'Delta Airlines', 2),
(442, 'Delta Airlines', 2),
(443, 'Delta Airlines', 2),
(444, 'Delta Airlines', 2),
(445, 'Delta Airlines', 2),
(446, 'Delta Airlines', 2),
(447, 'Delta Airlines', 2),
(448, 'Delta Airlines', 2),
(449, 'Delta Airlines', 2),
(450, 'Delta Airlines', 2),
(451, 'Delta Airlines', 2),
(452, 'Delta Airlines', 2),
(453, 'Delta Airlines', 2),
(454, 'Delta Airlines', 2),
(455, 'Delta Airlines', 2),
(456, 'Delta Airlines', 2),
(457, 'Delta Airlines', 2),
(458, 'Delta Airlines', 2),
(459, 'Delta Airlines', 2),
(460, 'Delta Airlines', 2),
(461, 'Delta Airlines', 2),
(462, 'Delta Airlines', 2),
(463, 'Delta Airlines', 2),
(464, 'Delta Airlines', 2),
(465, 'Delta Airlines', 2),
(466, 'Delta Airlines', 2),
(467, 'Delta Airlines', 2),
(468, 'Delta Airlines', 2),
(469, 'Delta Airlines', 2),
(470, 'Delta Airlines', 2),
(471, 'Delta Airlines', 2),
(472, 'Delta Airlines', 2),
(473, 'Delta Airlines', 2),
(474, 'Delta Airlines', 2),
(475, 'Delta Airlines', 2),
(476, 'Delta Airlines', 2),
(477, 'Delta Airlines', 2),
(478, 'Delta Airlines', 2),
(479, 'Delta Airlines', 2),
(480, 'Delta Airlines', 2),
(481, 'Delta Airlines', 2),
(482, 'Delta Airlines', 2),
(483, 'Delta Airlines', 2),
(484, 'Delta Airlines', 2),
(485, 'Delta Airlines', 2),
(486, 'Delta Airlines', 2),
(487, 'Delta Airlines', 2),
(488, 'Delta Airlines', 2),
(489, 'Delta Airlines', 2),
(490, 'Delta Airlines', 2),
(491, 'Delta Airlines', 2),
(492, 'Delta Airlines', 2),
(493, 'Delta Airlines', 2),
(494, 'Delta Airlines', 2),
(495, 'Delta Airlines', 2),
(496, 'Delta Airlines', 2),
(497, 'Delta Airlines', 2),
(498, 'Delta Airlines', 2),
(499, 'Delta Airlines', 2),
(500, 'Delta Airlines', 2),
(501, 'Delta Airlines', 2),
(502, 'Delta Airlines', 2),
(503, 'Delta Airlines', 2),
(504, 'Delta Airlines', 2),
(505, 'Delta Airlines', 2),
(506, 'Delta Airlines', 2),
(507, 'Delta Airlines', 2),
(508, 'Delta Airlines', 2),
(509, 'Delta Airlines', 2),
(510, 'Delta Airlines', 2),
(511, 'Delta Airlines', 2),
(512, 'Delta Airlines', 2),
(513, 'Delta Airlines', 2),
(514, 'Delta Airlines', 2),
(515, 'Delta Airlines', 2),
(516, 'Delta Airlines', 2),
(517, 'Delta Airlines', 2),
(518, 'Delta Airlines', 2),
(519, 'Delta Airlines', 2),
(520, 'Delta Airlines', 2),
(521, 'Delta Airlines', 2),
(522, 'Delta Airlines', 2),
(523, 'Delta Airlines', 2),
(524, 'Delta Airlines', 2),
(525, 'Delta Airlines', 2),
(526, 'Delta Airlines', 2),
(527, 'Delta Airlines', 2),
(528, 'Delta Airlines', 2),
(529, 'Delta Airlines', 2),
(530, 'Delta Airlines', 2),
(531, 'Delta Airlines', 2),
(532, 'Delta Airlines', 2),
(533, 'Delta Airlines', 2),
(534, 'Delta Airlines', 2),
(535, 'Delta Airlines', 2),
(536, 'Delta Airlines', 2),
(537, 'Delta Airlines', 2),
(538, 'Delta Airlines', 2),
(539, 'Delta Airlines', 2),
(540, 'Delta Airlines', 2),
(541, 'Delta Airlines', 2),
(542, 'Delta Airlines', 2),
(543, 'Delta Airlines', 2),
(544, 'Delta Airlines', 2),
(545, 'Delta Airlines', 2),
(546, 'Delta Airlines', 2),
(547, 'Delta Airlines', 2),
(548, 'Delta Airlines', 2),
(549, 'Delta Airlines', 2),
(550, 'Delta Airlines', 2),
(551, 'United Airlines', 1),
(552, 'United Airlines', 1),
(553, 'United Airlines', 1),
(554, 'United Airlines', 1),
(555, 'United Airlines', 1),
(556, 'United Airlines', 1),
(557, 'United Airlines', 1),
(558, 'United Airlines', 1),
(559, 'United Airlines', 1),
(560, 'United Airlines', 1),
(561, 'United Airlines', 1),
(562, 'United Airlines', 1),
(563, 'United Airlines', 1),
(564, 'United Airlines', 1),
(565, 'United Airlines', 1),
(566, 'United Airlines', 1),
(567, 'United Airlines', 1),
(568, 'United Airlines', 1),
(569, 'United Airlines', 1),
(570, 'United Airlines', 1),
(571, 'United Airlines', 1),
(572, 'United Airlines', 1),
(573, 'United Airlines', 1),
(574, 'United Airlines', 1),
(575, 'United Airlines', 1),
(576, 'United Airlines', 1),
(577, 'United Airlines', 1),
(578, 'United Airlines', 1),
(579, 'United Airlines', 1),
(580, 'United Airlines', 1),
(581, 'United Airlines', 1),
(582, 'United Airlines', 1),
(583, 'United Airlines', 1),
(584, 'United Airlines', 1),
(585, 'United Airlines', 1),
(586, 'United Airlines', 1),
(587, 'United Airlines', 1),
(588, 'United Airlines', 1),
(589, 'United Airlines', 1),
(590, 'United Airlines', 1),
(591, 'United Airlines', 1),
(592, 'United Airlines', 1),
(593, 'United Airlines', 1),
(594, 'United Airlines', 1),
(595, 'United Airlines', 1),
(596, 'United Airlines', 1),
(597, 'United Airlines', 1),
(598, 'United Airlines', 1),
(599, 'United Airlines', 1),
(600, 'United Airlines', 1),
(601, 'United Airlines', 1),
(602, 'United Airlines', 1),
(603, 'United Airlines', 1),
(604, 'United Airlines', 1),
(605, 'United Airlines', 1),
(606, 'United Airlines', 1),
(607, 'United Airlines', 1),
(608, 'United Airlines', 1),
(609, 'United Airlines', 1),
(610, 'United Airlines', 1),
(611, 'United Airlines', 1),
(612, 'United Airlines', 1),
(613, 'United Airlines', 1),
(614, 'United Airlines', 1),
(615, 'United Airlines', 1),
(616, 'United Airlines', 1),
(617, 'United Airlines', 1),
(618, 'United Airlines', 1),
(619, 'United Airlines', 1),
(620, 'United Airlines', 1),
(621, 'United Airlines', 1),
(622, 'United Airlines', 1),
(623, 'United Airlines', 1),
(624, 'United Airlines', 1),
(625, 'United Airlines', 1),
(626, 'United Airlines', 1),
(627, 'United Airlines', 1),
(628, 'United Airlines', 1),
(629, 'United Airlines', 1),
(630, 'United Airlines', 1),
(631, 'United Airlines', 1),
(632, 'United Airlines', 1),
(633, 'United Airlines', 1),
(634, 'United Airlines', 1),
(635, 'United Airlines', 1),
(636, 'United Airlines', 1),
(637, 'United Airlines', 1),
(638, 'United Airlines', 1),
(639, 'United Airlines', 1),
(640, 'United Airlines', 1),
(641, 'United Airlines', 1),
(642, 'United Airlines', 1),
(643, 'United Airlines', 1),
(644, 'United Airlines', 1),
(645, 'United Airlines', 1),
(646, 'United Airlines', 1),
(647, 'United Airlines', 1),
(648, 'United Airlines', 1),
(649, 'United Airlines', 1),
(650, 'United Airlines', 1),
(651, 'United Airlines', 1),
(652, 'United Airlines', 1),
(653, 'United Airlines', 1),
(654, 'United Airlines', 1),
(655, 'United Airlines', 1),
(656, 'United Airlines', 1),
(657, 'United Airlines', 1),
(658, 'United Airlines', 1),
(659, 'United Airlines', 1),
(660, 'United Airlines', 1),
(661, 'United Airlines', 1),
(662, 'United Airlines', 1),
(663, 'United Airlines', 1),
(664, 'United Airlines', 1),
(665, 'United Airlines', 1),
(666, 'United Airlines', 1),
(667, 'United Airlines', 1),
(668, 'United Airlines', 1),
(669, 'United Airlines', 1),
(670, 'United Airlines', 1),
(671, 'United Airlines', 1),
(672, 'United Airlines', 1),
(673, 'United Airlines', 1),
(674, 'United Airlines', 1),
(675, 'United Airlines', 1),
(676, 'United Airlines', 1),
(677, 'United Airlines', 1),
(678, 'United Airlines', 1),
(679, 'United Airlines', 1),
(680, 'United Airlines', 1),
(681, 'United Airlines', 1),
(682, 'United Airlines', 1),
(683, 'United Airlines', 1),
(684, 'United Airlines', 1),
(685, 'United Airlines', 1),
(686, 'United Airlines', 1),
(687, 'United Airlines', 1),
(688, 'United Airlines', 1),
(689, 'United Airlines', 1),
(690, 'United Airlines', 1),
(691, 'United Airlines', 1),
(692, 'United Airlines', 1),
(693, 'United Airlines', 1),
(694, 'United Airlines', 1),
(695, 'United Airlines', 1),
(696, 'United Airlines', 1),
(697, 'United Airlines', 1),
(698, 'United Airlines', 1),
(699, 'United Airlines', 1);
INSERT INTO ticket (ticket_id, airline_name, flight_num) VALUES
(700, 'United Airlines', 1),
(701, 'United Airlines', 1),
(702, 'United Airlines', 1),
(703, 'United Airlines', 1),
(704, 'United Airlines', 1),
(705, 'United Airlines', 1),
(706, 'United Airlines', 1),
(707, 'United Airlines', 1),
(708, 'United Airlines', 1),
(709, 'United Airlines', 1),
(710, 'United Airlines', 1),
(711, 'United Airlines', 1),
(712, 'United Airlines', 1),
(713, 'United Airlines', 1),
(714, 'United Airlines', 1),
(715, 'United Airlines', 1),
(716, 'United Airlines', 1),
(717, 'United Airlines', 1),
(718, 'United Airlines', 1),
(719, 'United Airlines', 1),
(720, 'United Airlines', 1),
(721, 'United Airlines', 1),
(722, 'United Airlines', 1),
(723, 'United Airlines', 1),
(724, 'United Airlines', 1),
(725, 'United Airlines', 1),
(726, 'United Airlines', 1),
(727, 'United Airlines', 1),
(728, 'United Airlines', 1),
(729, 'United Airlines', 1),
(730, 'United Airlines', 1),
(731, 'United Airlines', 1),
(732, 'United Airlines', 1),
(733, 'United Airlines', 1),
(734, 'United Airlines', 1),
(735, 'United Airlines', 1),
(736, 'United Airlines', 1),
(737, 'United Airlines', 1),
(738, 'United Airlines', 1),
(739, 'United Airlines', 1),
(740, 'United Airlines', 1),
(741, 'United Airlines', 1),
(742, 'United Airlines', 1),
(743, 'United Airlines', 1),
(744, 'United Airlines', 1),
(745, 'United Airlines', 1),
(746, 'United Airlines', 1),
(747, 'United Airlines', 1),
(748, 'United Airlines', 1),
(749, 'United Airlines', 1),
(750, 'United Airlines', 1);


ALTER TABLE airplane
  ADD CONSTRAINT airplane_ibfk_1 FOREIGN KEY (airline_name) REFERENCES airline (airline_name);

ALTER TABLE booking_agent_work_for
  ADD CONSTRAINT booking_agent_work_for_ibfk_1 FOREIGN KEY (email) REFERENCES booking_agent (email),
  ADD CONSTRAINT booking_agent_work_for_ibfk_2 FOREIGN KEY (airline_name) REFERENCES airline (airline_name);

ALTER TABLE permission
  ADD CONSTRAINT permission_ibfk_1 FOREIGN KEY (username) REFERENCES airline_staff (username);

ALTER TABLE purchases
  ADD CONSTRAINT purchases_ibfk_1 FOREIGN KEY (ticket_id) REFERENCES ticket (ticket_id) ON DELETE CASCADE,
  ADD CONSTRAINT purchases_ibfk_2 FOREIGN KEY (customer_email) REFERENCES customer (email);

ALTER TABLE ticket
  ADD CONSTRAINT ticket_ibfk_1 FOREIGN KEY (airline_name,flight_num) REFERENCES flight (airline_name, flight_num);
COMMIT;

/*!40101 SET CHARACTER_SET_CLIENT=@OLD_CHARACTER_SET_CLIENT */;
/*!40101 SET CHARACTER_SET_RESULTS=@OLD_CHARACTER_SET_RESULTS */;
/*!40101 SET COLLATION_CONNECTION=@OLD_COLLATION_CONNECTION */;
